{"training/policy_loss":-0.001063333242200315,"training/sps":2.2217702488860725e+06,"eval/std_episode_length":0,"training/walltime":2052.392007827759,"eval/episode_reward_std":3.5472254753112793,"_wandb":{"runtime":2366},"eval/avg_episode_length":1000,"eval/episode_reward":12.024872779846191,"eval/epoch_eval_time":3.556999444961548,"eval/walltime":101.25582027435303,"training/v_loss":6117.1787109375,"_step":442368000,"eval/sps":35985.38655419546,"_runtime":2366.513699693,"_timestamp":1.7594208758115582e+09,"training/entropy_loss":-0.03388611227273941,"training/total_loss":6117.1435546875}