{"eval/episode_reward/lin_vel_z":-2.455375909805298,"eval/episode_reward/torques_std":1.49337637424469,"eval/episode_reward/torques":-9.73574161529541,"_step":22937600,"eval/episode_reward/termination_std":0.17399263381958008,"eval/episode_reward/action_rate":-4.316173076629639,"eval/episode_reward/energy":-28.988819122314453,"eval/episode_reward/pose":442.4873352050781,"eval/avg_episode_length":975.859375,"training/walltime":4441.624722242355,"_runtime":8914.692034274,"eval/episode_swing_peak_std":7.8434977531433105,"eval/episode_reward/tracking_ang_vel_std":66.22112274169922,"eval/episode_reward/feet_air_time_std":0.5959261655807495,"eval/episode_reward/feet_height":-15.546113014221191,"eval/episode_reward/orientation":-16.877830505371094,"eval/std_episode_length":138.26611328125,"training/entropy_loss":0.0983971431851387,"eval/episode_reward_std":5.3415069580078125,"training/total_loss":0.09531459957361221,"eval/episode_reward/feet_air_time":0.21084389090538025,"eval/episode_reward/lin_vel_z_std":1.0265132188796997,"eval/episode_reward/feet_height_std":6.566139221191406,"eval/episode_reward/pose_std":65.8435287475586,"eval/episode_reward/feet_slip_std":5.3410964012146,"eval/walltime":117.78977918624878,"eval/episode_reward/feet_clearance_std":43.26182174682617,"eval/episode_reward/termination":-0.03125,"eval/episode_reward/dof_pos_limits_std":0,"eval/episode_reward/tracking_ang_vel":444.49163818359375,"eval/episode_reward/ang_vel_xy":-22.125856399536133,"training/policy_loss":-0.0033264567609876394,"eval/episode_reward":18.179187774658203,"training/v_loss":0.00024385824508499354,"eval/episode_reward/energy_std":12.487310409545898,"eval/episode_reward/stand_still":-9.09373664855957,"eval/episode_reward/feet_slip":-7.285555362701416,"eval/episode_swing_peak":16.240875244140625,"eval/episode_reward/stand_still_std":44.590511322021484,"eval/episode_reward/tracking_lin_vel":268.7626647949219,"eval/episode_reward/orientation_std":10.354905128479004,"_wandb":{"runtime":8914},"_timestamp":1.7593377380730627e+09,"eval/episode_reward/tracking_lin_vel_std":242.75949096679688,"eval/episode_reward/dof_pos_limits":0,"eval/episode_reward/feet_clearance":-135.95664978027344,"eval/sps":4904.004389052267,"eval/episode_reward/action_rate_std":1.0076470375061035,"eval/episode_reward/ang_vel_xy_std":7.421213150024414,"eval/epoch_eval_time":26.101118564605713,"training/sps":53142.774082635595}