{"eval/episode_reward/success":3.59375,"eval/episode_reward/success_std":1.354607343673706,"eval/episode_reward/position_std":60.72097396850586,"eval/episode_reward/joint_vel_std":0,"eval/episode_reward/energy":-15.394037246704102,"eval/episode_reward/hand_pose_std":226.20477294921875,"eval/episode_reward/action_rate":-36.89418411254883,"eval/avg_episode_length":977.984375,"_timestamp":1.7593301871588588e+09,"eval/epoch_eval_time":24.846983432769775,"eval/episode_reward/termination":-4.6875,"training/entropy_loss":-0.07456187903881073,"eval/episode_success_count":1627.15625,"eval/episode_success_count_std":722.043701171875,"eval/episode_reward/termination_std":21.137107849121094,"_wandb":{"runtime":5259},"training/sps":45997.2194769295,"training/policy_loss":-0.0271883774548769,"eval/episode_reward/action_rate_std":4.849973678588867,"eval/episode_reward/energy_std":2.183697462081909,"eval/sps":5151.530782251237,"training/total_loss":18.347192764282227,"eval/episode_reward/orientation":3270.4521484375,"eval/episode_reward/position":407.87078857421875,"eval/episode_reward_std":140.70936584472656,"eval/walltime":556.1437492370605,"training/walltime":13350.349123716354,"eval/episode_reward/orientation_std":570.8081665039062,"eval/episode_reward":463.2500915527344,"eval/episode_steps_since_last_success":143357.9375,"training/v_loss":18.448942184448242,"eval/episode_steps_since_last_success_std":65514.30859375,"_step":205455360,"eval/std_episode_length":125.7350845336914,"eval/episode_reward/hand_pose":-1543.845458984375,"eval/episode_reward/joint_vel":0,"_runtime":5259.194266117}