{"training/entropy_loss":0.09954788535833359,"eval/episode_reward/action_rate_std":1.5336189270019531,"training/walltime":8956.357526302338,"eval/episode_reward/feet_air_time":1.3007808923721313,"eval/episode_reward/pose":426.48968505859375,"_runtime":10754.630175245,"eval/episode_reward/feet_slip":-15.64749526977539,"eval/episode_reward/termination_std":0.21137107908725739,"training/policy_loss":-0.0069811223074793816,"_step":45875200,"eval/episode_reward/action_rate":-6.99722957611084,"eval/sps":4811.068167604114,"eval/episode_reward/termination":-0.046875,"eval/episode_reward/feet_air_time_std":0.3003053665161133,"eval/episode_reward/feet_clearance":-239.56719970703125,"_timestamp":1.7593512041231873e+09,"eval/episode_reward":24.175378799438477,"eval/episode_reward/ang_vel_xy_std":10.809961318969727,"eval/episode_reward/tracking_ang_vel":447.8364562988281,"eval/episode_reward/feet_height_std":2.8547909259796143,"eval/episode_reward_std":5.077268123626709,"eval/episode_reward/pose_std":53.87336349487305,"eval/episode_reward/dof_pos_limits_std":0,"training/v_loss":0.0002743708319030702,"eval/episode_reward/stand_still_std":41.133548736572266,"eval/episode_reward/tracking_lin_vel_std":234.947998046875,"eval/episode_reward/orientation_std":12.020380973815918,"eval/episode_reward/torques_std":1.6262623071670532,"training/total_loss":0.09284108132123947,"eval/episode_reward/ang_vel_xy":-35.7108154296875,"eval/episode_swing_peak":30.696453094482422,"eval/episode_reward/feet_height":-8.87617015838623,"eval/episode_reward/feet_clearance_std":56.586116790771484,"eval/std_episode_length":113.67101287841797,"eval/episode_reward/torques":-11.968783378601074,"eval/episode_swing_peak_std":5.739996910095215,"eval/episode_reward/stand_still":-5.298604965209961,"eval/avg_episode_length":978.6015625,"_wandb":{"runtime":10754},"eval/episode_reward/tracking_ang_vel_std":54.632503509521484,"eval/epoch_eval_time":26.605318307876587,"eval/episode_reward/lin_vel_z_std":3.0275261402130127,"training/sps":51383.05200836726,"eval/episode_reward/feet_slip_std":7.961997985839844,"eval/episode_reward/energy_std":38.547210693359375,"eval/episode_reward/lin_vel_z":-6.483339309692383,"eval/episode_reward/tracking_lin_vel":770.07763671875,"eval/episode_reward/dof_pos_limits":0,"eval/walltime":139.76747822761536,"eval/episode_reward/orientation":-15.098692893981934,"eval/episode_reward/energy":-98.03341674804688}