{"eval/episode_success_count_std":992.2453002929688,"eval/walltime":528.3749732971191,"training/v_loss":26.186269760131836,"training/total_loss":26.093372344970703,"eval/episode_reward/action_rate_std":5.97178316116333,"eval/episode_reward/energy":-14.644458770751953,"eval/episode_reward/orientation_std":551.1715698242188,"eval/episode_steps_since_last_success_std":25583.33203125,"eval/episode_steps_since_last_success":68211.0234375,"_wandb":{"runtime":17996},"training/walltime":25645.555810451508,"eval/std_episode_length":151.9086456298828,"eval/episode_reward/success":7.5234375,"eval/episode_reward/energy_std":2.39455246925354,"eval/episode_reward":840.4444580078125,"_step":803143680,"eval/episode_reward/orientation":3309.8310546875,"eval/episode_reward/success_std":1.8241643905639648,"eval/episode_reward/position_std":67.9134750366211,"eval/episode_reward/joint_vel_std":0,"eval/avg_episode_length":968.2578125,"training/policy_loss":-0.03245798125863075,"eval/sps":5627.567134858311,"eval/episode_reward/position":392.7193603515625,"_runtime":17996.347998234,"eval/episode_reward/termination":-4.6875,"eval/episode_reward/hand_pose":-1883.5753173828125,"eval/episode_success_count":3541.4296875,"eval/episode_reward/hand_pose_std":321.306396484375,"eval/episode_reward/joint_vel":0,"training/entropy_loss":-0.06043718755245209,"_timestamp":1.7595157144035878e+09,"eval/episode_reward/termination_std":21.137107849121094,"eval/episode_reward/action_rate":-37.62834167480469,"training/sps":46869.993384132744,"eval/episode_reward_std":191.65277099609375,"eval/epoch_eval_time":22.74517512321472}