{"eval/episode_reward_std":7.3608717918396,"eval/episode_reward/action_rate_std":3.683035373687744,"eval/epoch_eval_time":191.0200970172882,"_timestamp":1.7593100024900317e+09,"eval/episode_reward":-8.75381851196289,"_runtime":3865.921986187,"eval/episode_reward/orientation":278.6806640625,"eval/episode_steps_since_last_success":13820.6796875,"eval/sps":670.0865615643332,"eval/episode_reward/joint_vel":0,"eval/episode_reward/energy_std":1.6467961072921753,"_step":0,"eval/episode_reward/joint_vel_std":0,"eval/episode_reward/position":42.80287551879883,"eval/episode_success_count":0,"eval/episode_reward/position_std":43.581974029541016,"eval/episode_reward/energy":-1.8956725597381592,"eval/episode_reward/success":0,"eval/avg_episode_length":125.53125,"eval/walltime":191.0200970172882,"eval/episode_reward/orientation_std":290.11297607421875,"eval/std_episode_length":108.43307495117188,"eval/episode_reward/hand_pose_std":386.3489074707031,"eval/episode_reward/termination_std":0,"eval/episode_success_count_std":0,"eval/episode_reward/hand_pose":-390.4138488769531,"eval/episode_reward/action_rate":-4.250375747680664,"_wandb":{"runtime":3865},"eval/episode_steps_since_last_success_std":28089.615234375,"eval/episode_reward/success_std":0,"eval/episode_reward/termination":-100}