{"training/total_loss":245807.71875,"training/entropy_loss":-0.017043855041265488,"eval/episode_reward":144.6763458251953,"eval/episode_reward_std":42.26557159423828,"training/sps":2.2380426640227395e+06,"_wandb":{"runtime":731},"eval/avg_episode_length":1000,"_runtime":731.67985405,"eval/epoch_eval_time":4.1278393268585205,"_timestamp":1.7594183077688303e+09,"eval/sps":31008.958892160663,"training/v_loss":245807.71875,"training/policy_loss":-0.0012083841720595956,"training/walltime":417.6383867263794,"_step":88473600,"eval/walltime":101.61939859390259,"eval/std_episode_length":0}