{"_wandb":{"runtime":18495},"training/policy_loss":-0.03334503993391991,"eval/episode_reward/success":7.1640625,"eval/epoch_eval_time":26.27941608428955,"_timestamp":1.7596081789909782e+09,"eval/episode_reward/orientation":3315.076171875,"eval/episode_steps_since_last_success":70872.6953125,"eval/episode_reward/orientation_std":634.53369140625,"eval/walltime":558.7015256881714,"eval/episode_reward/joint_vel_std":0,"_runtime":18495.218846449,"eval/episode_reward/joint_vel":0,"eval/episode_reward/hand_pose":-1714.493408203125,"training/total_loss":26.794601440429688,"eval/episode_reward/action_rate":-37.864192962646484,"eval/std_episode_length":172.60975646972656,"eval/episode_success_count":3413.859375,"eval/episode_reward/termination_std":21.137107849121094,"training/walltime":17837.386999368668,"eval/episode_reward":811.8287963867188,"eval/episode_reward/energy":-14.765350341796875,"eval/episode_success_count_std":953.8455810546875,"_step":803143680,"eval/episode_reward/position":365.1852722167969,"eval/sps":4870.732271578949,"eval/episode_reward/success_std":1.9112223386764526,"eval/episode_reward/energy_std":2.701139450073242,"eval/episode_reward_std":203.39224243164062,"eval/episode_reward/hand_pose_std":333.40374755859375,"eval/avg_episode_length":965.0703125,"eval/episode_reward/position_std":73.35600280761719,"eval/episode_steps_since_last_success_std":24492.8125,"training/sps":44178.08849265056,"eval/episode_reward/termination":-4.6875,"training/v_loss":26.889514923095703,"eval/episode_reward/action_rate_std":6.796958923339844,"training/entropy_loss":-0.06156780198216438}